{"Valence": [0.0, -0.07646215327084062, -0.19573087861854582, -0.013157914017140893, -0.23308242650929845, -0.4166659457059131], "Arousal": [0.0, 0.07710241924040023, 0.1929648485649377, 0.2810649029284716, 0.38033886217162016, 0.4635364854568542], "Momentum": [0.0, -0.012423559227026967, -0.03648953997530044, 0.12247483131475748, 0.05184757103212176, -0.021986400773748777], "Intensity": [0.0, 0.04621474362081508, 0.11647435398160705, 0.17254241117680846, 0.24549329572320544, 0.30698112419343193]}