{
    "Valence": [
        0.0,
        -0.17212501955218606,
        -0.0277918808441609
    ],
    "Arousal": [
        0.0,
        -0.02565248291008176,
        0.049274174410849816
    ],
    "Momentum": [
        0.0,
        -0.1275762544898316,
        -0.01940608425531533
    ],
    "Intensity": [
        0.0,
        0.05879118847866718,
        0.09763014242210905
    ]
}