{
    "Valence": [
        0.0,
        -0.23684791238629258,
        -0.05214636222459379,
        -0.2949191447831691,
        -0.458491411122121,
        -0.47577605016835045,
        -0.47577605016835045,
        -0.47841040157119197,
        -0.45944222775557947,
        -0.20671861603140781,
        -0.41035744900429205,
        -0.5314628583040875,
        -0.6903618532986824,
        -0.5808096844141913,
        -0.19387826251499968
    ],
    "Arousal": [
        0.0,
        0.15922256528632717,
        0.18445732473209503,
        0.26148601128384474,
        0.3646757488559187,
        0.39502371865892416,
        0.39502371865892416,
        0.3963895336602599,
        0.4530438905484057,
        0.48243978676535304,
        0.3587463494942347,
        0.44649897594696364,
        0.4260470838220231,
        0.4554167170583755,
        0.4426620985832826
    ],
    "Momentum": [
        0.0,
        -0.07828732561436483,
        0.041806955760112036,
        -0.07003433849313301,
        -0.14066159877576873,
        -0.16167531983577654,
        -0.16167531983577654,
        -0.18668308142689066,
        -0.16985955394920904,
        -0.002633772670524309,
        -0.17955821674899208,
        -0.23525853464030666,
        -0.3776289608783555,
        -0.3393529037281406,
        -0.11967555124894722
    ],
    "Intensity": [
        0.0,
        0.11212024325029707,
        0.14364129723492247,
        0.2167360502065816,
        0.28084820694702395,
        0.35095680051498457,
        0.35095680051498457,
        0.33250894072937776,
        0.33862455110275025,
        0.35136390131532996,
        0.3638771663347427,
        0.39572952624308994,
        0.41144705674232857,
        0.38723059662497644,
        0.40817188593653747
    ]
}