{"Valence": [0.0, -0.07646215327084062], "Arousal": [0.0, 0.07710241924040023], "Momentum": [0.0, -0.012423559227026967], "Intensity": [0.0, 0.04621474362081508]}