{"Valence": [0.0, 0.11996525410562754, 0.2217120389272459, 0.2217120389272459, 0.3968115810066461, 0.1432214328223094], "Arousal": [0.0, 0.16037477934733035, 0.2602431265031919, 0.2602431265031919, 0.40024433586560193, 0.3041158951915801], "Momentum": [0.0, 0.16016422574408357, 0.30996243435190995, 0.30996243435190995, 0.5522819849266671, 0.42809031018754473], "Intensity": [0.0, 0.08960519538305169, 0.22800410668918036, 0.22800410668918036, 0.3031149860164789, 0.30112178876018925]}