{"Valence": [0.0, -0.07646215327084062, -0.19573087861854582, -0.013157914017140893, -0.23308242650929845, -0.4166659457059131, -0.5783153127438962, -0.4911724519703624, -0.5961148606769437, -0.5948634286908563, -0.5526046494513109, -0.5526046494513109, -0.20319999058003066, -0.42775155911943685, -0.5769932467687859], "Arousal": [0.0, 0.07710241924040023, 0.1929648485649377, 0.2810649029284716, 0.38033886217162016, 0.4635364854568542, 0.3436237084474356, 0.3894780167587055, 0.4710843097585403, 0.41225862832212157, 0.4657391662778951, 0.4657391662778951, 0.5109305770285177, 0.47759236468726635, 0.5409344891204712], "Momentum": [0.0, -0.012423559227026967, -0.03648953997530044, 0.12247483131475748, 0.05184757103212176, -0.021986400773748777, -0.19891084485221655, -0.16063478770200162, -0.2163351055933162, -0.2772872087685391, -0.26046368129085745, -0.26046368129085745, -0.032038239967077886, -0.1744086662051267, -0.25150636716862207], "Intensity": [0.0, 0.04621474362081508, 0.11647435398160705, 0.17254241117680846, 0.24549329572320544, 0.30698112419343193, 0.32837094463722427, 0.32076970694089296, 0.3612435587280101, 0.3321167536557456, 0.3383108014438445, 0.3383108014438445, 0.37612394918935926, 0.39576259509934403, 0.4281198335796876]}