{"Valence": [0.0, -0.07714711524546149, -0.12532034940272568, -0.18107210522666572, -0.015463815567344386, 0.16279904341872414, -0.07869388208193628, -0.06830286315403819, 0.10303764805993862], "Arousal": [0.0, 0.14985265272669498, 0.25631411643326285, 0.29391956204250463, 0.37895323617890486, 0.46274058253420713, 0.6292314565538257, 0.6031429272076352, 0.6400809423826639], "Momentum": [0.0, 0.0234949161997065, 0.04930914185475558, 0.03986605916637928, 0.198037431514822, 0.39460649222543004, 0.38483724294404964, 0.4311509522673441, 0.6150542116310681], "Intensity": [0.0, 0.0792164873631874, 0.13480777409075217, 0.15980852229822679, 0.2116989656173383, 0.3671032479210824, 0.4407391801087992, 0.4025020681880249, 0.5114150633199045]}